feature,offset,auc,p,q
atr_pct,-8,0.49988962374213636,0.9748498131375258,0.981888439947183
atr_pct,-7,0.4994517852701915,0.8755702592780494,0.9198953291256601
atr_pct,-6,0.5005043517211167,0.8854543369577739,0.9217976119821601
atr_pct,-5,0.5003607301474525,0.9179348214049329,0.9399446309089993
atr_pct,-4,0.5013741380443824,0.6946906435973708,0.7621538863928462
atr_pct,-3,0.5019806809758487,0.5715665919177039,0.6508860373266914
atr_pct,-2,0.5027728236921164,0.42835636929159204,0.5023880490921734
atr_pct,-1,0.5081176044313551,0.020414005093470203,0.041573046869183845
atr_pct,0,0.5318353389589765,9.61212396236957e-20,1.78785505700074e-18
atr_pctile_480,-8,0.4999435933900745,0.9871644664436332,0.9871644664436332
atr_pctile_480,-7,0.5000643133935171,0.9853653573791303,0.9871644664436332
atr_pctile_480,-6,0.5013795112952549,0.6939757451488708,0.7621538863928462
atr_pctile_480,-5,0.5016376470520194,0.640434574007601,0.7175953660567095
atr_pctile_480,-4,0.5028178735289944,0.42156032605928484,0.49837004648534095
atr_pctile_480,-3,0.5033923842669323,0.33325422969048024,0.42071461576309493
atr_pctile_480,-2,0.5040632677769975,0.24648445331825142,0.33221817621155625
atr_pctile_480,-1,0.5087086168855571,0.012995761895573384,0.027677996708892934
atr_pctile_480,0,0.5271341703118759,9.996659093959839e-15,1.3945339436073976e-13
bb_width,-8,0.4896051354149138,0.00298662070073831,0.007121941670991355
bb_width,-7,0.4886583940640236,0.001197259347326007,0.0030645445679262015
bb_width,-6,0.48737826218247693,0.0003119372263459594,0.0008972215067064194
bb_width,-5,0.4868250012213488,0.00016774716853945335,0.0004978878725798669
bb_width,-4,0.48799118326886826,0.0006033394148590358,0.001634288317919136
bb_width,-3,0.48853252979638756,0.001054817612027305,0.0027325652431269792
bb_width,-2,0.4877820235146338,0.0004832894353602134,0.0013350272521336587
bb_width,-1,0.4909922509187257,0.010084845336505357,0.02164362960680765
bb_width,0,0.4928627516556564,0.041486498899545546,0.07716488795315471
hv_48,-8,0.5042700741997049,0.22258780284473112,0.31050998496839993
hv_48,-7,0.5038672301356913,0.2693284624801989,0.35113383659801634
hv_48,-6,0.5050505588148313,0.14913057668102533,0.2249050318594923
hv_48,-5,0.504629824252429,0.18602379161142546,0.2703158221853526
hv_48,-4,0.5046383711810735,0.18521236962533072,0.2703158221853526
hv_48,-3,0.5047016601698951,0.17928702094771165,0.26326883602321866
hv_48,-2,0.5043023117770796,0.21911429284315576,0.30875195809717404
hv_48,-1,0.507500632286753,0.03215822072416801,0.06103499035403317
hv_48,0,0.5140401057778544,6.062046515286377e-05,0.00019666406718196503
donchian_width_96,-8,0.5103552109575998,0.0030868936019305656,0.007298672160496846
donchian_width_96,-7,0.5095915211452171,0.00612968540419199,0.013791792159431979
donchian_width_96,-6,0.509429692427175,0.007048499904104983,0.015732251785962322
donchian_width_96,-5,0.509043562747876,0.009759358499660264,0.02110744977833499
donchian_width_96,-4,0.5091494883704473,0.008934687764216291,0.01962817233241217
donchian_width_96,-3,0.5083193883444923,0.017436827497509348,0.03657800655492563
donchian_width_96,-2,0.5077959725243762,0.025891911546750787,0.05123293135846432
donchian_width_96,-1,0.5090740914421346,0.009510634810738206,0.020730211814030935
donchian_width_96,0,0.524584334286488,2.0841457131876586e-12,2.1536172369605805e-11
range_compression_24v96,-8,0.4800018104108778,1.115741808991431e-08,6.225839294172185e-08
range_compression_24v96,-7,0.4800844625532443,1.2814754138929484e-08,7.010424323061423e-08
range_compression_24v96,-6,0.4813674367095033,1.025997906238193e-07,4.93540372138717e-07
range_compression_24v96,-5,0.4809069681015857,4.936496819214895e-08,2.5505233565943627e-07
range_compression_24v96,-4,0.4829563587440232,1.1261312456226476e-06,4.833701808134134e-06
range_compression_24v96,-3,0.48347780683549224,2.3669417541430933e-06,9.856369394118253e-06
range_compression_24v96,-2,0.482757291452428,8.432977440323194e-07,3.6762511028908925e-06
range_compression_24v96,-1,0.48455081705722686,1.0205057240857826e-05,3.847582392161261e-05
range_compression_24v96,0,0.5011366585786234,0.745434250134472,0.8061091309593709
rel_volume,-8,0.4964971389275733,0.3170539193029249,0.40391800678317835
rel_volume,-7,0.48947762760381014,0.002651187489639982,0.006432011387909173
rel_volume,-6,0.49362473761104975,0.06860976090126783,0.11810402998561863
rel_volume,-5,0.49488993184371,0.1443999172129697,0.22136031265065134
rel_volume,-4,0.49706268122956754,0.4014733992413466,0.489131346673955
rel_volume,-3,0.49486689207840195,0.14259886833465052,0.22109467005026395
rel_volume,-2,0.5039852662108171,0.25498621290724044,0.33865607474433856
rel_volume,-1,0.5254549851035654,3.573237314808782e-13,3.834358503198655e-12
rel_volume,0,0.567237134572937,1.5035471432986306e-82,8.389793059606359e-81
volume_z,-8,0.4963776553279256,0.3008285644815879,0.38500536463469276
volume_z,-7,0.48924145995714924,0.0021192854982376892,0.005232572159365622
volume_z,-6,0.4942967558965012,0.10330663929972583,0.16954442567425593
volume_z,-5,0.49589670776631084,0.2411840511245752,0.32665218574639066
volume_z,-4,0.49758202588696565,0.48978506925843657,0.5693751430129325
volume_z,-3,0.49540448660225583,0.18930877351368247,0.27225333922844025
volume_z,-2,0.504392814729527,0.20957664158741218,0.2983259336882041
volume_z,-1,0.5235680841148458,1.6752690889258365e-11,1.507742180033253e-10
volume_z,0,0.566092150215249,1.0157836379206113e-79,4.0486233568550077e-78
dollar_volume_z,-8,0.49675779386406416,0.3544053412697067,0.44540130727138816
dollar_volume_z,-7,0.4895186106418384,0.0027550628067201993,0.006626401060990825
dollar_volume_z,-6,0.4945400531040455,0.11886945350309237,0.19228940333001088
dollar_volume_z,-5,0.496513798024893,0.31936125322664377,0.40500813477378916
dollar_volume_z,-4,0.49801011618595786,0.5697808473187789,0.6508860373266914
dollar_volume_z,-3,0.496029588506977,0.25676218169718645,0.33865607474433856
dollar_volume_z,-2,0.5048407959253793,0.1667604809678751,0.24747964994700614
dollar_volume_z,-1,0.5239118259536724,8.4901935147345e-12,8.168151691761812e-11
dollar_volume_z,0,0.5661274235732183,8.967358886359497e-80,4.0486233568550077e-78
trade_count_z,-8,0.4985233742037861,0.6731920681425303,0.748289191281936
trade_count_z,-7,0.4902979719176222,0.005584828751131195,0.012871074638215997
trade_count_z,-6,0.4971195794981473,0.4106558108459222,0.49384901390522534
trade_count_z,-5,0.4969266063853121,0.3800200082932633,0.4712248102836465
trade_count_z,-4,0.5005270823796257,0.8803299386256317,0.9198953291256601
trade_count_z,-3,0.497115098706094,0.40992821529600554,0.49384901390522534
trade_count_z,-2,0.5069477834680235,0.04719896581090473,0.08606870236106157
trade_count_z,-1,0.5245855933312545,2.180187667612778e-12,2.1724012830855895e-11
trade_count_z,0,0.5673886019305554,1.2546113607077949e-82,8.389793059606359e-81
taker_buy_ratio,-8,0.5007988551086257,0.819507888535168,0.8726820645088239
taker_buy_ratio,-7,0.50574858228041,0.10059433931104762,0.16606994477977685
taker_buy_ratio,-6,0.5052890661235233,0.13085814703071394,0.20743990353164313
taker_buy_ratio,-5,0.506596135531721,0.05955584271779617,0.10516506403965273
taker_buy_ratio,-4,0.5050976963451413,0.145374611546731,0.22163670284993417
taker_buy_ratio,-3,0.5112870774861887,0.0012643491614759614,0.0032068492368344838
taker_buy_ratio,-2,0.4994655317270234,0.8786659384573285,0.9198953291256601
taker_buy_ratio,-1,0.4995917478235363,0.9071697304399178,0.9339496486816865
taker_buy_ratio,0,0.5346795864261604,3.935869084162269e-23,9.982795222557027e-22
cvd_slope_8,-8,0.5030371351358632,0.3856666529300663,0.47611060251101106
cvd_slope_8,-7,0.5058372280790002,0.09545493066747887,0.15937417514532215
cvd_slope_8,-6,0.5054085170533467,0.12238363069656348,0.1951144740819498
cvd_slope_8,-5,0.5072073175782352,0.03952866523414656,0.0745168756778844
cvd_slope_8,-4,0.5076562386598014,0.028752231256469613,0.0560970106332519
cvd_slope_8,-3,0.5117042585769346,0.0008284457474978152,0.0022012987004941947
cvd_slope_8,-2,0.5124988188601991,0.00035689462982300973,0.0010143554235786064
cvd_slope_8,-1,0.5049412229652178,0.15813515197355255,0.23720272796032882
cvd_slope_8,0,0.4903068003093682,0.005628211848969003,0.012871074638215997
ema20_slope,-8,0.5146545673721137,2.8414524906704283e-05,0.00010295652531130512
ema20_slope,-7,0.5158319275256639,6.122725032183884e-06,2.4059722309567655e-05
ema20_slope,-6,0.518652165185065,9.948780181832553e-08,4.86966608900225e-07
ema20_slope,-5,0.5202095633522175,7.810398971314066e-09,4.447145536727805e-08
ema20_slope,-4,0.5214296129138488,9.299850974894779e-10,6.652970312809342e-09
ema20_slope,-3,0.5216493803087208,6.259334532068432e-10,4.603746550443802e-09
ema20_slope,-2,0.5222758895289494,1.9822597049182702e-10,1.6759104777945377e-09
ema20_slope,-1,0.5205056575088626,4.710935152631229e-09,2.8572845817045937e-08
ema20_slope,0,0.5331171194101176,3.0997411530374433e-21,6.652521397672666e-20
linreg_slope_20,-8,0.5144129639693052,3.841610459138093e-05,0.00013102492188395954
linreg_slope_20,-7,0.516461786659413,2.576072464166956e-06,1.0569473786802657e-05
linreg_slope_20,-6,0.5189714272732519,5.99841338397867e-08,2.9884952395179443e-07
linreg_slope_20,-5,0.5202394386499903,7.424321480399484e-09,4.3153868604822005e-08
linreg_slope_20,-4,0.5206000984316675,4.0034857617210795e-09,2.4821611722670694e-08
linreg_slope_20,-3,0.5211433599135024,1.5485887056416199e-09,1.0047819741256092e-08
linreg_slope_20,-2,0.5214065605832238,9.692045434713742e-10,6.760201690712835e-09
linreg_slope_20,-1,0.5208373567478467,2.6518038612525484e-09,1.6814847211124113e-08
linreg_slope_20,0,0.5286804869070402,2.5677583122407923e-16,4.214144524206947e-15
adx_14,-8,0.49897161675823265,0.7689576318168831,0.8283365995247506
adx_14,-7,0.4982557631077869,0.6183363917291724,0.695628440695319
adx_14,-6,0.49718114955159914,0.4207309779977273,0.49837004648534095
adx_14,-5,0.49603432311843426,0.25733006396344005,0.33865607474433856
adx_14,-4,0.49511657498006134,0.1630572441578143,0.24327792042796895
adx_14,-3,0.49417177874024754,0.09596724524879614,0.15937417514532215
adx_14,-2,0.4930951949423493,0.04858289768064658,0.0880170678759766
adx_14,-1,0.4928246762319891,0.04041295622388863,0.07567258245949615
adx_14,0,0.495982006164444,0.2511056485073996,0.3352080188208827
rsi_14,-8,0.5138000102130896,8.089749893572807e-05,0.0002536000247535745
rsi_14,-7,0.5197117481090203,1.798882239507336e-08,9.651695092741283e-08
rsi_14,-6,0.5195062121922176,2.5241010692342408e-08,1.3287249024836854e-07
rsi_14,-5,0.5202438515893316,7.368889835587949e-09,4.3153868604822005e-08
rsi_14,-4,0.5181015102706891,2.3362818902790765e-07,1.0863710789797706e-06
rsi_14,-3,0.5212106346208862,1.3744968830563551e-09,9.130586437445788e-09
rsi_14,-2,0.521815398303461,4.6294084784701313e-10,3.5877915708143517e-09
rsi_14,-1,0.5138291667747283,7.813368098774449e-05,0.00024771928404068987
rsi_14,0,0.5279170107050469,1.5362637480740325e-15,2.3812088095147503e-14
roc_8,-8,0.5132820628189454,0.00014836924818968267,0.0004548903323617744
roc_8,-7,0.5186052513173981,1.0709348057687232e-07,5.064251030669046e-07
roc_8,-6,0.5158105916173453,6.301502430971951e-06,2.4418321920016308e-05
roc_8,-5,0.5131878279673399,0.00016530922622982032,0.0004978878725798669
roc_8,-4,0.5107222388419482,0.0021941200516349,0.005369820126369623
roc_8,-3,0.5156905626829384,7.404103295727152e-06,2.8297874239833914e-05
roc_8,-2,0.5218736486001533,4.1623128292657724e-10,3.3179579410432872e-09
roc_8,-1,0.5044446265577727,0.20425301318629585,0.29223892655885403
roc_8,0,0.5309937718246992,8.533803312551141e-19,1.488081952626105e-17
macd_hist,-8,0.5120947408820531,0.0005510160356046558,0.0015071909209186172
macd_hist,-7,0.5138606755637153,7.52473613640764e-05,0.00024131050368479676
macd_hist,-6,0.5147618751795584,2.481616421017653e-05,9.110144492946384e-05
macd_hist,-5,0.5163529207526565,2.998553712960046e-06,1.2124586752403664e-05
macd_hist,-4,0.5153682623010936,1.1352344288186416e-05,4.2230720752053466e-05
macd_hist,-3,0.5144605563640918,3.621344945049571e-05,0.00012629440495860378
macd_hist,-2,0.5129269820380301,0.0002221820495436022,0.000652513598133316
macd_hist,-1,0.5054545714533287,0.11923321425122538,0.19228940333001088
macd_hist,0,0.5140501680837328,5.990652254277165e-05,0.00019663435046392107
dist_from_high_96,-8,0.5018649217361689,0.5942545128977386,0.6739715817010937
dist_from_high_96,-7,0.4996471910284038,0.9197307678786981,0.9399446309089993
dist_from_high_96,-6,0.4993141824833851,0.8446956287579084,0.8926896985736986
dist_from_high_96,-5,0.49816038732539486,0.5992691394936559,0.6769072466345344
dist_from_high_96,-4,0.4979088899919562,0.5503154008530486,0.6344545323884321
dist_from_high_96,-3,0.49700065128551235,0.39160527607236606,0.48131221156030896
dist_from_high_96,-2,0.4958272693113342,0.23331395934375065,0.31909115027895313
dist_from_high_96,-1,0.4959595041947049,0.24846109957602458,0.33327234029668684
dist_from_high_96,0,0.47615377254041963,9.675215702144561e-12,8.997950602994441e-11
pullback_depth_32,-8,0.478351589733754,6.270335803471845e-10,4.603746550443802e-09
pullback_depth_32,-7,0.4742794092250336,2.0327198668816243e-13,2.268515371439893e-12
pullback_depth_32,-6,0.4740613004520096,1.2732701118215113e-13,1.5445320052095722e-12
pullback_depth_32,-5,0.473688585505173,5.674384883429941e-14,7.196151738531607e-13
pullback_depth_32,-4,0.47417048803088213,1.6100163387023742e-13,1.87164399374151e-12
pullback_depth_32,-3,0.4729628530024775,1.1391141928412437e-14,1.513394570489081e-13
pullback_depth_32,-2,0.47246198438724174,3.669179697727886e-15,5.387900714032001e-14
pullback_depth_32,-1,0.47674976563170673,3.115339885407806e-11,2.7161869625899305e-10
pullback_depth_32,0,0.4544194104795548,9.506276057107049e-39,2.9469455777031854e-37
bars_since_high_32,-8,0.49794552794335517,0.5572473743804425,0.6398025409553229
bars_since_high_32,-7,0.49472460996753326,0.13177707360196536,0.20771640415225046
bars_since_high_32,-6,0.49517030930181266,0.16765079235647673,0.24748450300241803
bars_since_high_32,-5,0.4917906034146701,0.019007499744993446,0.03928216613965312
bars_since_high_32,-4,0.4920414021164819,0.02298601910060717,0.046137405245103597
bars_since_high_32,-3,0.4924543210516909,0.03110575335630901,0.05944181634527543
bars_since_high_32,-2,0.49339894137706625,0.059302550146879414,0.10516506403965273
bars_since_high_32,-1,0.4914300944167974,0.01434709075210474,0.030324532726039563
bars_since_high_32,0,0.49033724355947084,0.005768258900989215,0.01308409945834139
higher_low_freq_16,-8,0.5062588698572922,0.07323191938082706,0.12458357016616309
higher_low_freq_16,-7,0.5079808334685362,0.022360014978348164,0.04520611723883433
higher_low_freq_16,-6,0.511100640851273,0.0014860660487097674,0.0037352470954056314
higher_low_freq_16,-5,0.5128314127497557,0.00023975914522467783,0.00069680001580922
higher_low_freq_16,-4,0.514464491821386,3.461702297627101e-05,0.00012225505582759002
higher_low_freq_16,-3,0.514204628499868,4.773918681212061e-05,0.00016047268819977892
higher_low_freq_16,-2,0.5143769869535821,3.850911682610997e-05,0.00013102492188395954
higher_low_freq_16,-1,0.513314114429628,0.00013755766383282835,0.0004264287578817679
higher_low_freq_16,0,0.5131454903881356,0.00016688031416926518,0.0004978878725798669
lower_high_freq_16,-8,0.48986379749212355,0.0037274609600413777,0.008739173175223061
lower_high_freq_16,-7,0.48823680757312665,0.0007620495938077378,0.0020443445833880657
lower_high_freq_16,-6,0.48545958350698604,3.1661305357390754e-05,0.00011325005377835922
lower_high_freq_16,-5,0.4837198274068262,3.1754739018490845e-06,1.265653169451278e-05
lower_high_freq_16,-4,0.4825483855175976,5.899792194115346e-07,2.654906487351906e-06
lower_high_freq_16,-3,0.4826672911126618,7.007715518451054e-07,3.103416872456895e-06
lower_high_freq_16,-2,0.4830339294721823,1.1952714648178805e-06,5.052738464911949e-06
lower_high_freq_16,-1,0.48245987039830446,5.140775171539881e-07,2.3512725784584046e-06
lower_high_freq_16,0,0.48096557274021823,5.0592363585017957e-08,2.5664126254945473e-07
body_atr,-8,0.5076343172077091,0.029212603177219208,0.05659941865586222
body_atr,-7,0.5036688463973427,0.2946663933906163,0.37885679150222096
body_atr,-6,0.4996783128056262,0.9267906164979274,0.9437028540252618
body_atr,-5,0.5063663058309705,0.06899984547546895,0.11810402998561863
body_atr,-4,0.5028250552019508,0.41970922432182267,0.49837004648534095
body_atr,-3,0.5028142138464164,0.42149563702912474,0.49837004648534095
body_atr,-2,0.5109823911657578,0.0017073092418425082,0.00425302927208982
body_atr,-1,0.5220544735644829,2.986736800481588e-10,2.4508810803951855e-09
body_atr,0,0.49012592257070703,0.004797042037617544,0.01115312273746079
body_frac,-8,0.5051325625868389,0.14264172261307353,0.22109467005026395
body_frac,-7,0.5067533452392226,0.053734373483089175,0.09672187226956051
body_frac,-6,0.4957786842565021,0.2279167101852736,0.3140044841694203
body_frac,-5,0.5046008260137849,0.18879806911532926,0.27225333922844025
body_frac,-4,0.4991919671838149,0.8174706309386381,0.8726820645088239
body_frac,-3,0.49843981484553,0.6558585401610431,0.731938130819724
body_frac,-2,0.5039539961628537,0.258734340687669,0.3389055448444115
body_frac,-1,0.5075504361773371,0.031033219602510778,0.05944181634527543
body_frac,0,0.40859327707288023,2.9044109283791876e-150,2.7011021633926445e-148
upper_wick_frac,-8,0.5042480120160618,0.22498907490553155,0.31229826815245426
upper_wick_frac,-7,0.49929342206658656,0.8400569044558872,0.8911630279208842
upper_wick_frac,-6,0.5060564903481276,0.08364317743622343,0.14143300911943235
upper_wick_frac,-5,0.4971115452344377,0.4093517684853031,0.49384901390522534
upper_wick_frac,-4,0.4987494971360124,0.7209547153549707,0.7857279905626439
upper_wick_frac,-3,0.5031688246844749,0.3654031106355856,0.4560605413403759
upper_wick_frac,-2,0.501179895834527,0.7361052153936283,0.7991181132094253
upper_wick_frac,-1,0.48590779590467165,5.693023694444391e-05,0.0001890897155654744
upper_wick_frac,0,0.4678974821919301,4.751635120813824e-20,9.469329990764692e-19
lower_wick_frac,-8,0.4907675830502116,0.008362447559713363,0.018516848167936733
lower_wick_frac,-7,0.4957836953049341,0.2284692124960298,0.3140044841694203
lower_wick_frac,-6,0.4986348687748655,0.6965922617569025,0.7621538863928462
lower_wick_frac,-5,0.4958738715591387,0.23857572318565912,0.32469574033560433
lower_wick_frac,-4,0.5064185147232343,0.06675299119714881,0.11640052840002824
lower_wick_frac,-3,0.4973993965431104,0.4575935426608111,0.5341782359931644
lower_wick_frac,-2,0.49292358035540346,0.04325366101426033,0.07991901604621611
lower_wick_frac,-1,0.5052370607893955,0.13468694180393803,0.21111043125448714
lower_wick_frac,0,0.6214666630076463,9.443584554473595e-264,1.3173800453490665e-261
consec_up_closes,-8,0.49959319786112166,0.902607063439457,0.9326939655541054
consec_up_closes,-7,0.5073335990143967,0.02730180808795078,0.05364228490519907
consec_up_closes,-6,0.5019988278067048,0.5455153978000447,0.6315302738017113
consec_up_closes,-5,0.5026054737737708,0.42856041463776795,0.5023880490921734
consec_up_closes,-4,0.4998420589910473,0.961570368780568,0.9755568468719217
consec_up_closes,-3,0.505991123055869,0.0652997770690972,0.11458262768728378
consec_up_closes,-2,0.49462410753579256,0.09469283784980932,0.159152420241547
consec_up_closes,-1,0.4955083314083268,0.14351111200038047,0.22121326103926053
consec_up_closes,0,0.529019589630819,7.059246879115485e-22,1.6412748993943502e-20
consec_down_closes,-8,0.4945641961041888,0.11108835755748815,0.1812494254885333
consec_down_closes,-7,0.48787801499756034,0.0003749137580970598,0.0010460093850907968
consec_down_closes,-6,0.4950525320722178,0.1474494406785672,0.2235782279854361
consec_down_closes,-5,0.49315788833514373,0.04544599080453368,0.083417312068848
consec_down_closes,-4,0.49636798254687514,0.2895161324001353,0.3749839793012526
consec_down_closes,-3,0.4919313726613683,0.018921587097257032,0.03928216613965312
consec_down_closes,-2,0.49705652171115894,0.39350640013826177,0.4815275685902414
consec_down_closes,-1,0.5042399928307327,0.2222589583013974,0.31050998496839993
consec_down_closes,0,0.46492141449683744,8.458315791550673e-24,2.3598701058426374e-22
clv,-8,0.496836148668006,0.36615613354926235,0.4560605413403759
clv,-7,0.511545000722757,0.0009750712020673749,0.002566460994120732
clv,-6,0.5001448856445575,0.9669903425180721,0.9775011071106599
clv,-5,0.5078935547764389,0.024155166385002858,0.048137795867255695
clv,-4,0.5067039610302273,0.05550958993325854,0.0992767666114047
clv,-3,0.5054410009109352,0.1201548370653983,0.19266206632900074
clv,-2,0.4962978881823495,0.2903101775235504,0.3749839793012526
clv,-1,0.5009239302743521,0.7918542971352298,0.849720572695112
clv,0,0.6249023071731474,9.278631614891891e-279,2.5887382205548374e-276
avg_spread_8,-8,0.5004575157584153,0.8960280725329097,0.9293376663073672
avg_spread_8,-7,0.5014373265106677,0.6814055295412074,0.7544132648491938
avg_spread_8,-6,0.5043392688875311,0.2151848551963884,0.30475418578574803
avg_spread_8,-5,0.5063798612949836,0.06841059270516832,0.11810402998561863
avg_spread_8,-4,0.5081676872719771,0.01965060213663479,0.040312632324419895
avg_spread_8,-3,0.5114647259383729,0.0010577671908878628,0.0027325652431269792
avg_spread_8,-2,0.5124910434420203,0.00035993256965692486,0.0010143554235786064
avg_spread_8,-1,0.5213046332445317,1.1628278679917496e-09,7.912901833407272e-09
avg_spread_8,0,0.5582656942317555,3.426871375699647e-62,1.195121392275252e-60
